ID,validity,created,callback,language
1,Valid,3/19/2020 16:12:13,3525319875,
2,Out of Bounds,3/19/2020 16:39:46,3529209422,
3,Valid,3/19/2020 18:29:34,3521243532,
4,Out of Bounds,3/19/2020 22:27:51,3528731863,
5,Valid,3/19/2020 22:32:04,3527732966,
6,Valid,3/19/2020 22:32:46,3521798999,
7,Valid,3/20/2020 16:08:08,3527133786,
8,Valid,3/20/2020 16:09:27,3520992175,
9,Out of Bounds,3/20/2020 16:10:11,3521499174,
10,Invalid,3/20/2020 16:10:41,3520910799,
11,Valid,3/21/2020 2:24:45,3529276053,
12,Valid,3/21/2020 16:09:08,3523684363,
13,Valid,3/21/2020 16:28:34,3524655367,
14,Valid,3/21/2020 16:32:40,3528997086,
15,Valid,3/21/2020 17:36:22,3525259947,
16,Valid,3/21/2020 17:46:12,3523493948,
17,Duplicate,3/21/2020 18:30:24,3528434734,
18,Valid,3/21/2020 20:35:52,3520131971,
19,Valid,3/21/2020 20:46:13,3523781607,
20,Invalid,3/21/2020 21:55:20,3529104909,
21,Valid,3/21/2020 22:24:01,3526043674,
22,Valid,3/21/2020 22:55:56,3524780100,
23,Valid,3/21/2020 23:20:00,3522571645,
24,Invalid,3/22/2020 19:48:48,3523551178,
25,Valid,3/22/2020 20:00:00,3528759126,
26,Valid,3/23/2020 2:38:27,3523569215,
27,Valid,3/23/2020 14:06:53,3521657004,
28,Out of Bounds,3/23/2020 19:49:04,3521438247,
29,Duplicate,3/24/2020 18:59:23,3520893296,
30,Valid,3/24/2020 19:20:10,3522651137,
31,Valid,3/24/2020 22:01:46,3529739007,
32,Valid,3/25/2020 5:05:40,3520831349,
33,Valid,3/25/2020 12:38:04,3521159028,
34,Valid,3/25/2020 12:48:14,3526800137,
35,Out of Bounds,3/25/2020 13:06:55,3520737477,
36,Valid,3/25/2020 14:41:27,3527702345,
37,Valid,3/25/2020 14:57:26,3523017926,
38,Valid,3/25/2020 16:33:20,3521524649,
39,Valid,3/25/2020 19:23:58,3520880860,
40,Invalid,3/25/2020 20:12:13,3525485697,
41,Valid,3/25/2020 21:17:07,3520704633,
42,Valid,3/26/2020 9:49:10,3522157718,
43,Valid,3/26/2020 11:36:55,3524114882,
44,Valid,3/26/2020 12:42:19,3523514558,
45,Out of Bounds,3/26/2020 17:13:32,3520794535,
46,Valid,3/26/2020 22:48:34,3526143515,
47,Valid,3/27/2020 13:15:54,3525057325,
48,Valid,3/27/2020 21:23:42,3525891260,
49,Valid,3/28/2020 9:23:25,3521418438,
50,Valid,3/28/2020 9:27:36,3524551741,
51,Valid,3/28/2020 10:52:47,3524244123,
52,Valid,3/29/2020 18:13:01,3526692147,
53,Valid,3/30/2020 9:31:46,3522526658,
54,Valid,3/30/2020 9:44:43,3520228651,
55,Valid,3/30/2020 10:04:14,3529992011,
56,Valid,3/30/2020 11:58:01,3528314931,
57,Valid,3/30/2020 12:49:49,3520966224,
58,Valid,3/30/2020 16:19:34,3522932917,
59,Duplicate,3/30/2020 17:31:14,3524845582,
60,Valid,3/31/2020 13:33:11,3527247437,
61,Duplicate,3/31/2020 13:42:28,3523558776,
62,Duplicate,3/31/2020 13:44:15,3526306484,
63,Valid,3/31/2020 13:46:40,3522281646,
64,Valid,3/31/2020 13:48:18,3525569810,
65,Invalid,3/31/2020 13:51:58,3529853043,
66,Duplicate,3/31/2020 14:09:04,3527595029,
67,Valid,3/31/2020 15:13:50,3521111396,
68,Duplicate,4/1/2020 16:27:46,3527097953,
69,Valid,4/1/2020 16:48:57,3523774607,
70,Duplicate,4/1/2020 20:53:08,3528659593,
71,Valid,4/2/2020 15:19:58,3520850941,
72,Duplicate,4/2/2020 15:23:18,3524234191,
73,Valid,4/2/2020 15:26:12,3520007019,
74,Valid,4/2/2020 15:27:07,3526010398,
75,Valid,4/2/2020 15:30:24,3521223365,
76,Invalid,4/2/2020 15:32:04,3525311825,
77,Duplicate,4/2/2020 15:34:52,3526612122,
78,Valid,4/2/2020 16:01:52,3528345826,
79,Valid,4/3/2020 17:15:48,3522910511,
80,Duplicate,4/3/2020 23:27:15,3522503475,
81,Out of Bounds,4/6/2020 11:43:35,3520133786,
82,Valid,4/6/2020 11:47:17,3522393984,
83,Valid,4/6/2020 11:52:11,3524690333,
84,Valid,4/6/2020 11:59:59,3527208790,
85,Duplicate,4/6/2020 12:02:13,3523228100,
86,Duplicate,4/6/2020 12:03:37,3521731221,
87,Valid,4/6/2020 18:44:51,3524175654,
88,Valid,4/6/2020 20:55:20,3523245330,
89,Duplicate,4/7/2020 11:46:34,3527724356,
90,Valid,4/7/2020 14:13:40,3528691447,
91,Valid,4/7/2020 15:12:28,3525512828,
92,Invalid,4/7/2020 16:16:47,3528137095,
93,Valid,4/10/2020 10:19:22,3527945029,
94,Valid,4/10/2020 22:46:46,3526482021,
95,Duplicate,4/10/2020 22:48:29,3527603813,
96,Valid,4/10/2020 22:49:46,3529328418,
97,Invalid,4/10/2020 22:52:14,3520099256,
98,Valid,4/10/2020 22:53:18,3527186455,
99,Valid,4/10/2020 22:56:57,3520682791,
100,Invalid,4/10/2020 22:58:50,3525246615,
101,Valid,4/10/2020 23:00:42,3523613167,
102,Valid,4/10/2020 23:02:25,3521461118,
103,Duplicate,4/10/2020 23:03:20,3527408522,
104,Valid,4/10/2020 23:08:56,3520794986,
105,Valid,4/10/2020 23:10:40,3529371723,
106,Valid,4/10/2020 23:11:47,3527422585,
107,Valid,4/10/2020 23:13:54,3527026198,
108,Valid,4/10/2020 23:15:05,3523078501,
109,Valid,4/10/2020 23:15:52,3528020579,
110,Valid,4/10/2020 23:19:23,3529474227,
111,Valid,4/13/2020 9:29:23,3527607659,
112,Valid,4/13/2020 9:30:24,3525947644,
113,Valid,4/13/2020 10:27:00,3528712780,
114,Duplicate,4/13/2020 11:07:00,3522635095,
115,Duplicate,4/13/2020 12:38:00,3521896390,
116,Duplicate,4/13/2020 13:19:00,3521291668,
117,Duplicate,4/13/2020 15:23:00,3524983959,
118,Valid,4/13/2020 15:46,3524311096,
119,Valid,4/13/2020 16:50:00,3526863808,
120,Valid,4/14/2020 7:54:00,3520920642,
121,Valid,4/14/2020 10:34:00,3529801009,
122,Invalid,4/14/2020 11:45:00,3523387912,
123,Valid,4/14/2020 13:50:00,3525725927,
124,Valid,4/14/2020 13:52:00,3525346437,
125,Duplicate,4/15/2020 9:06:00,3526253052,
126,Duplicate,4/16/2020 0:02:37,3526027084,
127,Duplicate,4/16/2020 16:30:00,3523874553,
128,Valid,4/18/2020 14:23:24,3524805956,
129,Valid,4/18/2020 14:26:26,3523839826,
130,Duplicate,4/18/2020 14:38:05,3528611116,
131,Valid,4/18/2020 15:26:44,3526944769,
132,Valid,4/18/2020 15:50:51,3523465642,
133,Valid,4/18/2020 16:03:07,3522861483,
134,Valid,4/18/2020 16:27:59,3520910401,
135,Valid,4/18/2020 16:34:21,3520070505,
136,Valid,4/19/2020 19:04:52,3529904494,
137,Duplicate,4/20/2020 10:12:46,3521025067,
138,Out of Bounds,4/20/2020 10:40:48,3526734265,
139,Valid,4/20/2020 10:41:04,3522272608,
140,Out of Bounds,4/20/2020 13:01:12,3525693514,
141,Valid,4/20/2020 13:52:36,3527056816,
142,Valid,4/20/2020 15:33:45,3525080327,
143,Valid,4/20/2020 18:24:34,3528878885,
144,Valid,4/20/2020 20:13:25,3529172737,
145,Valid,4/21/2020 9:03:00,3525845721,
146,Valid,4/21/2020 10:45:00,3522110850,
147,Valid,4/21/2020 11:31:00,3527893156,
148,Valid,4/21/2020 12:05:00,3523372660,
149,Valid,4/21/2020 12:09:00,3528442644,
150,Valid,4/21/2020 12:09:00,3523161733,
151,Valid,4/21/2020 12:09:00,3523310473,
152,Valid,4/21/2020 12:09:00,3525435132,
153,Duplicate,4/21/2020 12:10:00,3528100583,
154,Valid,4/21/2020 12:12:00,3524429195,
155,Valid,4/21/2020 12:13:00,3529518199,
156,Valid,4/21/2020 12:13:00,3529859440,
157,Out of Bounds,4/21/2020 12:14:00,3520465529,
158,Valid,4/21/2020 15:05:00,3525981203,
159,Out of Bounds,4/21/2020 18:00:43,3526127730,
160,Valid,4/22/2020 16:55:48,3529432536,
161,Duplicate,4/24/2020 7:35:55,3522013682,
162,Invalid,4/29/2020 19:07:25,3521305132,
163,Duplicate,5/4/2020 19:42:48,3521849246,
164,Valid,5/10/2020 12:46:38,3525798066,
165,Valid,5/11/2020 4:09:41,3525879606,
166,Valid,5/11/2020 15:26:10,3523730077,
167,Valid,5/13/2020 22:30:15,3529351910,
168,Valid,5/17/2020 8:56:43,3526277039,
169,Valid,5/17/2020 8:58:54,3528331263,
170,Valid,5/17/2020 9:05:50,3526751741,
171,Out of Bounds,5/22/2020 16:05:30,3520444559,
172,Valid,5/22/2020 16:25:06,3524773720,
173,Valid,5/22/2020 16:48:24,3522321654,
174,Valid,5/23/2020 19:45:00,3523539719,
175,Duplicate,5/27/2020 22:58:57,3522366972,
176,Valid,5/31/2020 12:23:44,3522383469,
177,Duplicate,6/1/2020 16:27:10,3526783157,
178,Valid,6/8/2020 6:28:04,3520721485,
179,Duplicate,6/8/2020 6:28:40,3521499401,
180,Invalid,6/10/2020 11:26:35,3527665027,
181,Valid,6/11/2020 19:32:37,3521629461,
182,Invalid,6/20/2020 8:10:35,3522914343,
183,Invalid,6/20/2020 17:50:12,3520378114,
184,Valid,6/30/2020 12:34:45,3527447893,
185,Valid,6/30/2020 21:57:04,3528791336,
186,Valid,7/2/2020 13:08:16,3527416036,
187,Valid,7/9/2020 2:41:23,3527547300,
188,Valid,7/25/2020 20:31:43,3526516166,
189,Invalid,7/27/2020 7:26:47,3529036283,
190,Valid,7/27/2020 12:18:12,3522966680,
191,Valid,8/1/2020 9:29:22,3527482724,
192,Valid,8/1/2020 9:31:14,3528543431,
193,Valid,8/9/2020 15:06:16,3522808480,
194,Out of Bounds,8/12/2020 13:09:21,3522559125,
195,Valid,8/15/2020 16:03:30,3529590150,
196,Invalid,8/16/2020 13:24:19,3521248957,
197,Valid,8/17/2020 23:00:03,3520874213,
198,Valid,8/22/2020 23:56:13,3527901824,
199,Valid,8/26/2020 1:20:44,3521111575,
200,Valid,8/28/2020 12:06:49,3525903689,
201,Valid,8/30/2020 7:57:12,3527169358,
202,Valid,8/31/2020 11:19:55,3522327709,
203,Valid,9/1/2020 5:29:12,3528664950,
204,Out of Bounds,9/5/2020 1:48:05,3525035221,
205,Out of Bounds,9/5/2020 1:54:01,3521919279,
206,Valid,9/8/2020 8:10:10,3529694557,
207,Out of Bounds,9/8/2020 8:44:07,3527098074,
208,Valid,9/8/2020 15:50:08,3522464126,
209,Valid,9/11/2020 20:58:30,3527837839,
210,Valid,9/14/2020 23:25:09,3529136776,
211,Invalid,9/15/2020 11:15:49,3522355011,
212,Out of Bounds,9/15/2020 12:15:51,3526649737,
213,Invalid,9/16/2020 15:51:23,3526011071,
214,Valid,9/21/2020 9:01:53,3529405465,
215,Invalid,9/21/2020 10:09:44,3527133368,
216,Valid,9/22/2020 13:08:42,3521731671,
217,Invalid,9/23/2020 16:57:59,3520932344,
218,Duplicate,9/24/2020 6:56:08,3521973108,
219,Out of Bounds,9/24/2020 18:55:57,3524253425,
220,Invalid,9/27/2020 0:00:00,3520624092,
221,Invalid,9/27/2020 0:00:00,3526079725,
222,Invalid,9/29/2020 9:38:26,3529081163,
223,Valid,9/30/2020 19:32:48,3522865135,
224,Valid,10/1/2020 17:00:04,3521052900,
225,Valid,10/8/2020 16:13:11,3522412555,
226,Valid,10/11/2020 4:41:52,3521473295,
227,Duplicate,10/11/2020 15:45:55,3526886623,
228,Valid,10/13/2020 15:57:20,3528521761,
229,Valid,10/19/2020 2:33:14,3522213060,
230,Valid,10/19/2020 13:56:25,3520683940,
231,Duplicate,10/19/2020 13:56:41,3523397861,
232,Valid,10/23/2020 11:35:00,3529851078,
233,Valid,10/25/2020 10:53:16,3529810195,
234,Valid,10/26/2020 13:44:45,3522441336,
235,Valid,10/27/2020 9:59:50,3521105821,
236,Valid,10/30/2020 1:06:08,3527154700,
237,Valid,10/31/2020 14:10:51,3528896693,
238,Out of Bounds,11/2/2020 17:36:26,3520996133,
239,Valid,11/5/2020 11:50:19,3525452415,
240,Valid,11/7/2020 16:13:48,3524902396,
241,Valid,11/8/2020 9:42:53,3523386675,
242,Valid,11/10/2020 10:59:33,3529001116,
243,Valid,11/13/2020 13:38:42,3527454187,
244,Valid,11/16/2020 12:43:59,3522061792,
245,Out of Bounds,11/17/2020 13:09:56,3525059940,
246,Valid,11/17/2020 16:42:14,3523944548,
247,Valid,11/18/2020 13:36:35,3527942743,
248,Valid,11/19/2020 14:49:20,3527221698,
249,Valid,11/19/2020 17:17:22,3526600452,
250,Valid,11/19/2020 18:05:30,3520079095,
251,Valid,11/20/2020 14:13:46,3527517511,
252,Out of Bounds,11/20/2020 20:20:51,3527069439,
253,Valid,11/24/2020 10:54:57,3523060314,
254,Valid,11/25/2020 11:12:55,3524290231,
255,Invalid,11/27/2020 4:01:47,3525227489,
256,Out of Bounds,11/27/2020 8:25:50,3527628017,
257,Invalid,11/28/2020 20:42:07,3528266875,
258,Valid,11/30/2020 9:24:35,3525412498,
259,Valid,11/30/2020 22:44:43,3525766226,
260,Valid,12/1/2020 15:53:08,3523254623,
261,Out of Bounds,12/1/2020 16:40:19,3525239437,
262,Valid,12/1/2020 20:24:54,3529128918,
263,Valid,12/2/2020 11:47:10,3525794352,
264,Valid,12/2/2020 15:49:27,3520560239,
265,Valid,12/6/2020 1:13:08,3521293358,
266,Valid,12/6/2020 11:32:08,3524778343,
267,Valid,12/7/2020 11:42:59,3524896559,
268,Out of Bounds,12/7/2020 17:21:46,3523130748,
269,Valid,12/7/2020 19:54:06,3529183172,
270,Valid,12/14/2020 1:24:40,3526147456,
271,Valid,12/14/2020 11:41:28,3525634996,
272,Valid,12/15/2020 23:06:50,3528213198,
273,Valid,12/17/2020 16:20:02,3525372680,
274,Valid,12/23/2020 17:37:30,3525638593,
275,Valid,12/28/2020 10:26:33,3520178651,
276,Valid,12/29/2020 17:24:29,3528376562,
277,Valid,12/30/2020 21:58:27,3525318793,
278,Valid,1/4/2021 9:49:18,3520081526,
279,Valid,1/5/2021 17:48:05,3528068327,
280,Out of Bounds,1/6/2021 19:04:06,3529564514,
281,Out of Bounds,1/11/2021 14:33:34,3523517228,
282,Valid,1/15/2021 19:48:24,3526896770,
283,Valid,1/15/2021 19:48:24,3520819443,
284,Valid,1/19/2021 11:18:06,3521928497,
285,Valid,1/20/2021 15:01:03,3522982004,
286,Duplicate,1/20/2021 15:01:16,3521319968,
287,Duplicate,1/20/2021 18:35:51,3524269938,
288,Valid,1/23/2021 7:24:56,3521362500,
289,Valid,1/23/2021 10:15:20,3524816992,
290,Valid,1/25/2021 11:39:37,3528961323,
291,Valid,1/29/2021 20:44:47,3528848143,
292,Out of Bounds,9/18/2021 17:45:24,3527756716,
293,Valid,9/25/2021 10:05:09,3523586618,
294,Valid,10/19/2021 16:14:53,3523101027,
295,Valid,11/1/2021 19:00:02,3521265561,
296,Valid,11/22/2021 14:39:30,3520645431,
297,Valid,12/1/2021 12:00:00,3528304135,
298,Valid,12/1/2021 12:00:00,3522811077,
299,Valid,12/1/2021 12:00:00,3528532095,
300,Duplicate,12/1/2021 12:00:00,3524145188,
301,Valid,12/1/2021 12:00:00,3522029713,
302,Valid,12/1/2021 12:00:00,3526245827,
303,Valid,1/5/2022 11:18:04,3526646298,
304,Valid,1/10/2022 21:42:04,3520862506,
305,Valid,2/6/2022 16:41:21,3525306932,
306,Invalid,2/8/2022 13:57:15,3523258068,
307,Valid,2/8/2022 14:00:09,3521830848,
308,Valid,2/23/2022 10:56:27,3528796105,
309,Valid,3/3/2022 8:19:16,3529965067,
310,Invalid,3/9/2022 14:49:27,3522874397,
311,Valid,3/10/2022 18:19:44,3521763483,
312,Valid,3/14/2022 15:36:15,3526166802,
313,Valid,3/21/2022 16:28:57,3520175912,
314,Valid,3/23/2022 13:01:07,3524103076,
315,Valid,3/25/2022 8:58:30,3527896251,
316,Invalid,3/25/2022 8:59:09,3526578958,
317,Invalid,3/30/2022 13:26:59,3527077698,
318,Valid,3/30/2022 13:27:43,3523049541,
319,Valid,3/31/2022 16:30:49,3527660966,
320,Valid,4/4/2022 8:57:55,3520950538,
321,Valid,4/4/2022 8:58:24,3521764996,
322,Valid,4/7/2022 9:56:25,3525379172,
323,Valid,4/9/2022 3:11:48,3527126380,
324,Valid,4/9/2022 12:29:33,3523244569,
325,Valid,4/13/2022 14:51:14,3528992316,
326,Valid,4/15/2022 9:45:29,3520793889,English
327,Valid,4/23/2022 9:58:38,3520502632,English
328,Valid,4/25/2022 9:25:49,3524192964,English
329,Valid,4/25/2022 13:25:26,3520550460,English
330,Valid,4/25/2022 16:53:18,3525378594,English
331,Valid,4/25/2022 19:48:16,3522781112,English
332,Valid,4/27/2022 14:22:41,3520924409,English
333,Valid,4/27/2022 14:23:24,3522948491,English
334,Valid,4/27/2022 14:23:47,3528425424,English
335,Valid,4/27/2022 14:24:17,3525752981,English
336,Valid,4/27/2022 14:25:10,3520691181,Español
337,Valid,4/30/2022 3:06:31,3528770522,English
338,Valid,5/3/2022 17:46:05,3522658254,English
339,Valid,5/13/2022 10:33:53,3525667147,English
340,Valid,5/17/2022 15:00:40,3523735503,English
341,Valid,5/18/2022 0:34:10,3524875364,English
342,Valid,5/18/2022 8:30:53,3520656802,English
343,Valid,5/18/2022 15:41:49,3522868561,English
344,Valid,5/19/2022 15:55:32,3523744210,English
345,Valid,5/19/2022 15:55:38,3523468374,English
346,Valid,5/19/2022 16:19:02,3525719199,English
347,Valid,5/19/2022 23:18:28,3529900319,Español
348,Valid,5/23/2022 9:17:12,3524311239,English
349,Valid,5/24/2022 13:52:25,3523998707,English
350,Valid,5/25/2022 13:56:52,3522403779,English
351,Duplicate,5/25/2022 17:01:04,3524758087,English
352,Valid,5/27/2022 16:33:03,3526360621,English
353,Valid,6/2/2022 17:14:15,3524821470,English
354,Valid,6/2/2022 17:14:34,3520555338,English